0,1,417,120,199,511,walk2.mp4
1,1,417,118,196,506,walk2.mp4
2,1,420,119,191,503,walk2.mp4
3,1,421,118,187,503,walk2.mp4
4,1,419,113,185,504,walk2.mp4
5,1,420,115,183,503,walk2.mp4
6,1,423,109,182,502,walk2.mp4
7,1,426,110,182,502,walk2.mp4
8,1,428,111,182,502,walk2.mp4
9,1,433,116,181,503,walk2.mp4
10,1,435,114,181,502,walk2.mp4
11,1,443,117,180,499,walk2.mp4
12,1,448,117,178,500,walk2.mp4
13,1,454,123,175,500,walk2.mp4
14,1,459,124,173,501,walk2.mp4
15,1,465,120,171,500,walk2.mp4
16,1,469,118,170,500,walk2.mp4
17,1,475,116,170,502,walk2.mp4
18,1,475,116,172,505,walk2.mp4
19,1,481,113,172,507,walk2.mp4
20,1,482,108,173,507,walk2.mp4
21,1,482,103,174,509,walk2.mp4
22,1,482,100,176,508,walk2.mp4
23,1,481,107,177,511,walk2.mp4
24,1,481,111,177,513,walk2.mp4
25,1,482,114,177,512,walk2.mp4
26,1,483,118,177,509,walk2.mp4
27,1,481,120,176,507,walk2.mp4
28,1,480,122,175,505,walk2.mp4
29,1,480,122,174,504,walk2.mp4
30,1,483,122,173,506,walk2.mp4
31,1,486,118,172,508,walk2.mp4
32,1,488,115,171,509,walk2.mp4
33,1,485,113,173,511,walk2.mp4
34,1,486,113,173,513,walk2.mp4
35,1,486,115,173,513,walk2.mp4
36,1,487,117,173,514,walk2.mp4
37,1,485,120,173,514,walk2.mp4
38,1,486,125,173,514,walk2.mp4
39,1,485,129,173,514,walk2.mp4
40,1,486,130,174,513,walk2.mp4
41,1,486,132,174,512,walk2.mp4
42,1,489,132,174,512,walk2.mp4
43,1,490,128,175,513,walk2.mp4
44,1,489,131,176,514,walk2.mp4
45,1,488,130,178,516,walk2.mp4
46,1,485,131,181,519,walk2.mp4
47,1,483,129,183,521,walk2.mp4
48,1,481,126,185,520,walk2.mp4
49,1,478,129,186,520,walk2.mp4
50,1,478,133,189,524,walk2.mp4
51,1,476,136,189,525,walk2.mp4
52,1,477,141,189,526,walk2.mp4
53,1,476,145,188,527,walk2.mp4
54,1,474,147,188,527,walk2.mp4
55,1,476,146,187,526,walk2.mp4
56,1,474,146,186,526,walk2.mp4
57,1,472,145,185,527,walk2.mp4
58,1,473,141,185,527,walk2.mp4
59,1,471,140,185,527,walk2.mp4
60,1,469,136,187,529,walk2.mp4
61,1,466,133,188,531,walk2.mp4
62,1,463,131,188,532,walk2.mp4
63,1,460,128,189,532,walk2.mp4
64,1,459,128,188,531,walk2.mp4
65,1,461,126,187,535,walk2.mp4
66,1,459,129,187,535,walk2.mp4
67,1,460,130,188,534,walk2.mp4
68,1,461,132,187,530,walk2.mp4
69,1,464,128,187,531,walk2.mp4
70,1,468,124,188,531,walk2.mp4
71,1,473,118,189,534,walk2.mp4
72,1,475,114,191,535,walk2.mp4
73,1,476,110,193,539,walk2.mp4
74,1,475,107,196,541,walk2.mp4
75,1,480,99,197,543,walk2.mp4
76,1,476,100,198,540,walk2.mp4
77,1,478,99,198,541,walk2.mp4
78,1,479,102,199,544,walk2.mp4
79,1,478,103,198,545,walk2.mp4
80,1,478,107,196,545,walk2.mp4
81,1,479,109,195,546,walk2.mp4
82,1,478,111,194,545,walk2.mp4
83,1,475,105,194,544,walk2.mp4
84,1,475,105,194,540,walk2.mp4
85,1,473,100,194,540,walk2.mp4
86,1,472,95,196,544,walk2.mp4
87,1,469,96,198,546,walk2.mp4
88,1,468,93,197,549,walk2.mp4
89,1,466,90,197,550,walk2.mp4
90,1,464,91,196,550,walk2.mp4
91,1,464,94,197,552,walk2.mp4
92,1,464,100,197,551,walk2.mp4
93,1,465,102,197,551,walk2.mp4
94,1,468,106,197,552,walk2.mp4
95,1,469,106,198,552,walk2.mp4
96,1,472,102,199,550,walk2.mp4
97,1,473,99,200,553,walk2.mp4
98,1,472,95,199,555,walk2.mp4
99,1,471,92,199,556,walk2.mp4
100,1,469,92,199,558,walk2.mp4
101,1,466,91,201,559,walk2.mp4
102,1,462,89,202,558,walk2.mp4
103,1,458,91,200,560,walk2.mp4
104,1,454,93,200,561,walk2.mp4
105,1,448,97,200,560,walk2.mp4
106,1,442,104,199,559,walk2.mp4
107,1,437,108,197,558,walk2.mp4
108,1,435,108,195,557,walk2.mp4
109,1,432,106,195,552,walk2.mp4
110,1,430,101,194,553,walk2.mp4
111,1,426,99,196,553,walk2.mp4
112,1,422,97,197,554,walk2.mp4
113,1,419,93,197,560,walk2.mp4
114,1,416,87,198,563,walk2.mp4
115,1,412,84,197,565,walk2.mp4
116,1,410,87,197,568,walk2.mp4
117,1,409,87,195,570,walk2.mp4
118,1,405,92,196,570,walk2.mp4
119,1,403,93,196,567,walk2.mp4
120,1,406,99,196,564,walk2.mp4
121,1,410,98,196,560,walk2.mp4
122,1,414,98,196,555,walk2.mp4
123,1,419,97,193,555,walk2.mp4
124,1,420,92,193,557,walk2.mp4
125,1,420,91,194,561,walk2.mp4
126,1,419,87,196,565,walk2.mp4
127,1,419,84,197,564,walk2.mp4
128,1,419,87,197,563,walk2.mp4
129,1,417,93,196,561,walk2.mp4
130,1,416,93,198,562,walk2.mp4
131,1,414,96,199,561,walk2.mp4
132,1,414,96,200,563,walk2.mp4
133,1,412,98,200,569,walk2.mp4
134,1,412,93,201,569,walk2.mp4
135,1,415,95,199,569,walk2.mp4
136,1,415,93,198,569,walk2.mp4
137,1,421,92,197,570,walk2.mp4
138,1,428,91,196,574,walk2.mp4
139,1,432,88,197,576,walk2.mp4
140,1,436,88,198,576,walk2.mp4
141,1,439,91,199,578,walk2.mp4
142,1,444,92,199,582,walk2.mp4
143,1,452,98,201,586,walk2.mp4
144,1,455,104,203,585,walk2.mp4
145,1,458,110,206,583,walk2.mp4
146,1,464,113,208,581,walk2.mp4
147,1,473,114,208,579,walk2.mp4
148,1,481,119,207,577,walk2.mp4
149,1,490,119,207,579,walk2.mp4
150,1,495,119,207,582,walk2.mp4
151,1,497,121,210,583,walk2.mp4
152,1,497,123,213,585,walk2.mp4
153,1,497,117,216,589,walk2.mp4
154,1,495,115,220,589,walk2.mp4
155,1,494,117,225,593,walk2.mp4
156,1,493,120,227,594,walk2.mp4
157,1,493,122,227,598,walk2.mp4
158,1,497,123,225,602,walk2.mp4
159,1,496,128,223,604,walk2.mp4
160,1,496,127,223,599,walk2.mp4
161,1,496,125,222,596,walk2.mp4
162,1,496,126,222,598,walk2.mp4
163,1,494,122,221,600,walk2.mp4
164,1,494,118,220,602,walk2.mp4
165,1,495,112,219,603,walk2.mp4
166,1,496,108,219,606,walk2.mp4
167,1,498,102,219,608,walk2.mp4
168,1,499,92,216,612,walk2.mp4
169,1,479,89,220,619,walk2.mp4
170,1,475,80,218,623,walk2.mp4
171,1,449,92,219,623,walk2.mp4
172,1,425,89,220,624,walk2.mp4
173,1,423,85,218,624,walk2.mp4
174,1,418,101,217,621,walk2.mp4
175,1,413,90,217,625,walk2.mp4
176,1,409,84,216,627,walk2.mp4
177,1,406,78,216,624,walk2.mp4
178,1,405,78,215,622,walk2.mp4
179,1,404,71,214,623,walk2.mp4
180,1,401,71,214,626,walk2.mp4
181,1,396,67,215,626,walk2.mp4
182,1,393,66,214,625,walk2.mp4
183,1,388,63,213,629,walk2.mp4
184,1,385,64,213,634,walk2.mp4
185,1,384,68,212,640,walk2.mp4
186,1,384,66,211,642,walk2.mp4
187,1,388,61,211,644,walk2.mp4
188,1,389,69,211,645,walk2.mp4
189,1,391,61,212,645,walk2.mp4
190,1,390,57,212,642,walk2.mp4
191,1,390,56,213,641,walk2.mp4
192,1,389,52,213,640,walk2.mp4
193,1,386,50,216,639,walk2.mp4
194,1,385,48,218,639,walk2.mp4
195,1,385,44,219,641,walk2.mp4
196,1,386,44,220,644,walk2.mp4
197,1,386,44,221,642,walk2.mp4
198,1,387,44,221,642,walk2.mp4
199,1,391,53,221,641,walk2.mp4
200,1,395,42,221,644,walk2.mp4
201,1,396,53,221,641,walk2.mp4
202,1,405,49,221,641,walk2.mp4
203,1,412,55,220,644,walk2.mp4
204,1,415,50,220,643,walk2.mp4
205,1,413,54,219,640,walk2.mp4
206,1,415,47,219,641,walk2.mp4
207,1,412,48,221,644,walk2.mp4
208,1,408,49,221,645,walk2.mp4
209,1,405,46,222,646,walk2.mp4
210,1,401,45,222,648,walk2.mp4
211,1,393,51,224,648,walk2.mp4
212,1,386,52,226,654,walk2.mp4
213,1,380,51,228,657,walk2.mp4
214,1,376,55,230,658,walk2.mp4
215,1,370,57,230,659,walk2.mp4
216,1,370,50,229,657,walk2.mp4
217,1,369,45,228,657,walk2.mp4
218,1,371,45,228,656,walk2.mp4
219,1,374,39,227,656,walk2.mp4
220,1,374,38,226,655,walk2.mp4
221,1,375,34,225,657,walk2.mp4
222,1,375,26,224,662,walk2.mp4
223,1,374,32,224,663,walk2.mp4
224,1,373,31,223,664,walk2.mp4
225,1,371,35,223,664,walk2.mp4
226,1,370,43,223,662,walk2.mp4
227,1,371,48,222,658,walk2.mp4
228,1,372,51,221,656,walk2.mp4
229,1,373,56,221,657,walk2.mp4
230,1,375,56,220,655,walk2.mp4
231,1,380,54,219,653,walk2.mp4
232,1,383,56,218,650,walk2.mp4
233,1,387,57,217,651,walk2.mp4
234,1,385,59,218,654,walk2.mp4
235,1,388,60,220,655,walk2.mp4
236,1,391,54,222,658,walk2.mp4
237,1,391,59,224,661,walk2.mp4
238,1,397,58,228,671,walk2.mp4
239,1,402,59,230,673,walk2.mp4
240,1,403,64,230,672,walk2.mp4
241,1,409,68,229,669,walk2.mp4
242,1,410,72,230,668,walk2.mp4
243,1,414,73,228,664,walk2.mp4
244,1,414,76,228,662,walk2.mp4
245,1,415,76,226,659,walk2.mp4
246,1,415,73,225,657,walk2.mp4
247,1,417,71,223,656,walk2.mp4
248,1,414,73,223,654,walk2.mp4
249,1,416,71,220,653,walk2.mp4
250,1,415,72,219,651,walk2.mp4
251,1,412,78,218,647,walk2.mp4
252,1,413,84,218,643,walk2.mp4
253,1,414,81,217,641,walk2.mp4
254,1,414,81,217,635,walk2.mp4
255,1,418,86,216,627,walk2.mp4
256,1,419,83,215,617,walk2.mp4
257,1,422,91,213,605,walk2.mp4
258,1,425,93,210,595,walk2.mp4
259,1,426,97,207,587,walk2.mp4
260,1,426,93,204,583,walk2.mp4
261,1,429,89,202,580,walk2.mp4
262,1,430,85,198,576,walk2.mp4
263,1,432,85,197,571,walk2.mp4
264,1,436,90,194,574,walk2.mp4
265,1,438,86,193,578,walk2.mp4
266,1,442,84,194,582,walk2.mp4
267,1,446,88,194,580,walk2.mp4
268,1,449,88,192,578,walk2.mp4
269,1,453,88,191,578,walk2.mp4
270,1,453,87,190,578,walk2.mp4
271,1,451,85,189,576,walk2.mp4
272,1,447,78,188,573,walk2.mp4
273,1,445,83,188,571,walk2.mp4
274,1,441,82,188,568,walk2.mp4
275,1,438,80,188,566,walk2.mp4
276,1,434,83,187,566,walk2.mp4
277,1,431,81,187,567,walk2.mp4
278,1,426,83,186,563,walk2.mp4
279,1,423,84,183,563,walk2.mp4
280,1,419,84,181,566,walk2.mp4
281,1,417,87,180,562,walk2.mp4
282,1,418,86,179,561,walk2.mp4
283,1,418,89,179,558,walk2.mp4
284,1,418,94,179,557,walk2.mp4
285,1,417,95,179,552,walk2.mp4
286,1,420,95,177,549,walk2.mp4
287,1,418,97,176,547,walk2.mp4
288,1,417,93,177,547,walk2.mp4
289,1,420,94,176,548,walk2.mp4
290,1,420,90,177,547,walk2.mp4
291,1,435,90,179,550,walk2.mp4
292,1,448,86,182,553,walk2.mp4
293,1,467,81,183,555,walk2.mp4
294,1,475,80,185,558,walk2.mp4
295,1,484,74,187,560,walk2.mp4
296,1,504,69,187,563,walk2.mp4
297,1,508,74,188,560,walk2.mp4
298,1,513,72,187,553,walk2.mp4
299,1,521,76,186,548,walk2.mp4
300,1,528,83,184,541,walk2.mp4
301,1,512,89,183,536,walk2.mp4
302,1,526,85,180,531,walk2.mp4
303,1,535,96,177,527,walk2.mp4
304,1,535,94,176,524,walk2.mp4
305,1,535,93,175,521,walk2.mp4
306,1,537,91,173,521,walk2.mp4
307,1,543,103,171,521,walk2.mp4
308,1,543,99,171,519,walk2.mp4
309,1,542,95,171,521,walk2.mp4
310,1,544,94,170,523,walk2.mp4
311,1,545,90,168,526,walk2.mp4
312,1,544,90,168,526,walk2.mp4
313,1,544,89,168,527,walk2.mp4
314,1,543,90,168,531,walk2.mp4
315,1,543,89,167,532,walk2.mp4
316,1,542,91,166,532,walk2.mp4
317,1,539,90,166,532,walk2.mp4
318,1,538,88,166,533,walk2.mp4
319,1,537,86,166,534,walk2.mp4
320,1,534,85,166,535,walk2.mp4
321,1,535,84,165,533,walk2.mp4
322,1,532,85,166,532,walk2.mp4
323,1,532,78,168,535,walk2.mp4
324,1,532,77,169,537,walk2.mp4
325,1,533,73,170,540,walk2.mp4
326,1,531,72,170,542,walk2.mp4
327,1,529,71,170,543,walk2.mp4
328,1,525,69,170,543,walk2.mp4
329,1,525,67,170,543,walk2.mp4
330,1,520,69,171,542,walk2.mp4
331,1,515,71,171,542,walk2.mp4
332,1,513,78,172,540,walk2.mp4
333,1,507,85,172,538,walk2.mp4
334,1,503,90,172,536,walk2.mp4
335,1,497,96,171,535,walk2.mp4
336,1,492,99,169,534,walk2.mp4
337,1,487,95,169,535,walk2.mp4
338,1,483,93,169,535,walk2.mp4
339,1,482,90,169,537,walk2.mp4
340,1,477,86,171,537,walk2.mp4
341,1,477,85,171,539,walk2.mp4
342,1,475,83,171,539,walk2.mp4
343,1,473,83,173,541,walk2.mp4
