0,1,1117,277,394,799,manwalk.mp4
1,1,1117,281,387,791,manwalk.mp4
2,1,1117,279,381,789,manwalk.mp4
3,1,1117,283,377,783,manwalk.mp4
4,1,1117,289,373,780,manwalk.mp4
5,1,1119,283,367,778,manwalk.mp4
6,1,1115,282,364,777,manwalk.mp4
7,1,1104,279,363,776,manwalk.mp4
8,1,1102,271,359,779,manwalk.mp4
9,1,1095,273,354,784,manwalk.mp4
10,1,1095,267,352,793,manwalk.mp4
11,1,1089,267,348,796,manwalk.mp4
12,1,1087,261,346,798,manwalk.mp4
13,1,1083,261,344,801,manwalk.mp4
14,1,1084,262,343,807,manwalk.mp4
15,1,1084,255,341,806,manwalk.mp4
16,1,1083,264,341,805,manwalk.mp4
17,1,1073,265,343,803,manwalk.mp4
18,1,1065,265,346,802,manwalk.mp4
19,1,1054,269,345,796,manwalk.mp4
20,1,1045,277,344,789,manwalk.mp4
21,1,1040,282,345,788,manwalk.mp4
22,1,1040,280,345,788,manwalk.mp4
23,1,1031,286,343,782,manwalk.mp4
24,1,1026,291,340,782,manwalk.mp4
25,1,1018,285,335,781,manwalk.mp4
26,1,1017,270,333,782,manwalk.mp4
27,1,1006,279,328,786,manwalk.mp4
28,1,999,264,324,790,manwalk.mp4
29,1,995,252,319,794,manwalk.mp4
30,1,990,256,314,799,manwalk.mp4
31,1,994,248,314,802,manwalk.mp4
32,1,992,250,312,804,manwalk.mp4
33,1,991,252,314,804,manwalk.mp4
34,1,987,254,317,804,manwalk.mp4
35,1,992,242,318,810,manwalk.mp4
36,1,977,258,321,805,manwalk.mp4
37,1,978,261,324,801,manwalk.mp4
38,1,980,271,320,803,manwalk.mp4
39,1,974,264,316,802,manwalk.mp4
40,1,967,255,317,805,manwalk.mp4
41,1,961,253,318,808,manwalk.mp4
42,1,953,226,321,814,manwalk.mp4
43,1,934,253,322,810,manwalk.mp4
44,1,929,243,323,810,manwalk.mp4
45,1,924,239,328,806,manwalk.mp4
46,1,914,246,330,800,manwalk.mp4
47,1,920,249,331,801,manwalk.mp4
48,1,926,254,331,806,manwalk.mp4
49,1,915,259,334,809,manwalk.mp4
50,1,910,256,337,811,manwalk.mp4
51,1,905,265,341,811,manwalk.mp4
52,1,905,267,346,807,manwalk.mp4
53,1,909,273,348,804,manwalk.mp4
54,1,916,279,346,799,manwalk.mp4
55,1,912,286,348,793,manwalk.mp4
56,1,914,283,347,789,manwalk.mp4
57,1,916,279,348,791,manwalk.mp4
58,1,903,272,351,795,manwalk.mp4
59,1,896,259,353,802,manwalk.mp4
60,1,896,253,351,811,manwalk.mp4
61,1,891,249,357,818,manwalk.mp4
62,1,891,246,364,827,manwalk.mp4
63,1,890,242,369,831,manwalk.mp4
64,1,895,241,371,832,manwalk.mp4
65,1,892,244,372,832,manwalk.mp4
66,1,897,242,371,830,manwalk.mp4
67,1,905,244,370,828,manwalk.mp4
68,1,916,256,367,822,manwalk.mp4
69,1,915,261,366,812,manwalk.mp4
70,1,908,265,365,810,manwalk.mp4
71,1,902,271,360,806,manwalk.mp4
72,1,889,270,354,805,manwalk.mp4
73,1,871,265,350,805,manwalk.mp4
74,1,867,256,346,813,manwalk.mp4
75,1,871,254,341,814,manwalk.mp4
76,1,878,255,340,817,manwalk.mp4
77,1,877,247,341,816,manwalk.mp4
78,1,881,249,336,818,manwalk.mp4
79,1,889,234,336,823,manwalk.mp4
80,1,888,239,338,828,manwalk.mp4
81,1,886,233,338,827,manwalk.mp4
82,1,871,245,334,823,manwalk.mp4
83,1,875,245,333,824,manwalk.mp4
84,1,870,249,333,819,manwalk.mp4
85,1,865,257,334,815,manwalk.mp4
86,1,844,264,337,813,manwalk.mp4
87,1,842,262,340,814,manwalk.mp4
88,1,845,261,338,818,manwalk.mp4
89,1,862,251,334,822,manwalk.mp4
90,1,871,246,331,826,manwalk.mp4
91,1,873,227,330,836,manwalk.mp4
92,1,864,219,330,849,manwalk.mp4
93,1,862,212,333,854,manwalk.mp4
94,1,874,221,334,855,manwalk.mp4
95,1,868,228,341,848,manwalk.mp4
96,1,874,233,344,837,manwalk.mp4
97,1,873,243,347,835,manwalk.mp4
98,1,876,251,348,832,manwalk.mp4
99,1,876,256,350,829,manwalk.mp4
100,1,876,259,351,822,manwalk.mp4
101,1,877,268,350,818,manwalk.mp4
102,1,876,269,352,815,manwalk.mp4
103,1,868,262,357,817,manwalk.mp4
104,1,860,252,362,828,manwalk.mp4
105,1,866,243,360,834,manwalk.mp4
106,1,881,240,359,839,manwalk.mp4
107,1,887,231,363,843,manwalk.mp4
108,1,887,227,369,844,manwalk.mp4
109,1,890,226,374,846,manwalk.mp4
110,1,885,223,377,850,manwalk.mp4
111,1,892,219,378,854,manwalk.mp4
112,1,892,224,379,854,manwalk.mp4
113,1,894,228,382,851,manwalk.mp4
114,1,890,236,384,850,manwalk.mp4
115,1,890,243,384,843,manwalk.mp4
116,1,896,253,382,836,manwalk.mp4
117,1,904,259,382,832,manwalk.mp4
118,1,914,255,381,830,manwalk.mp4
119,1,915,247,378,831,manwalk.mp4
120,1,923,243,374,838,manwalk.mp4
121,1,928,243,374,840,manwalk.mp4
122,1,927,242,371,838,manwalk.mp4
123,1,924,233,369,841,manwalk.mp4
124,1,916,232,369,844,manwalk.mp4
125,1,921,229,366,852,manwalk.mp4
126,1,926,225,368,858,manwalk.mp4
127,1,934,217,368,860,manwalk.mp4
128,1,942,231,368,861,manwalk.mp4
129,1,941,235,370,856,manwalk.mp4
130,1,947,244,371,853,manwalk.mp4
131,1,946,238,373,851,manwalk.mp4
132,1,950,244,370,852,manwalk.mp4
133,1,949,238,369,853,manwalk.mp4
134,1,947,249,362,844,manwalk.mp4
135,1,948,244,361,838,manwalk.mp4
136,1,950,244,360,835,manwalk.mp4
137,1,950,249,357,834,manwalk.mp4
138,1,954,243,354,837,manwalk.mp4
139,1,958,239,353,839,manwalk.mp4
140,1,958,237,352,836,manwalk.mp4
141,1,961,248,350,832,manwalk.mp4
142,1,964,252,348,831,manwalk.mp4
143,1,964,257,348,833,manwalk.mp4
144,1,967,255,345,832,manwalk.mp4
145,1,965,261,345,832,manwalk.mp4
146,1,969,273,342,826,manwalk.mp4
147,1,965,273,345,815,manwalk.mp4
148,1,964,290,346,810,manwalk.mp4
149,1,964,294,346,805,manwalk.mp4
150,1,965,293,343,802,manwalk.mp4
151,1,964,287,343,802,manwalk.mp4
152,1,959,277,344,806,manwalk.mp4
153,1,958,268,343,813,manwalk.mp4
154,1,954,254,344,820,manwalk.mp4
155,1,952,244,345,825,manwalk.mp4
156,1,947,228,345,831,manwalk.mp4
157,1,938,231,347,838,manwalk.mp4
158,1,951,236,345,849,manwalk.mp4
159,1,961,233,345,854,manwalk.mp4
160,1,957,221,348,858,manwalk.mp4
161,1,927,209,350,866,manwalk.mp4
162,1,948,211,351,869,manwalk.mp4
163,1,950,239,358,857,manwalk.mp4
164,1,943,275,361,838,manwalk.mp4
165,1,934,273,363,827,manwalk.mp4
166,1,934,278,362,820,manwalk.mp4
167,1,927,270,364,818,manwalk.mp4
168,1,923,265,364,819,manwalk.mp4
169,1,921,260,363,823,manwalk.mp4
170,1,911,250,364,828,manwalk.mp4
171,1,901,249,368,836,manwalk.mp4
172,1,894,242,369,839,manwalk.mp4
173,1,892,239,372,841,manwalk.mp4
174,1,889,243,374,844,manwalk.mp4
175,1,884,242,380,844,manwalk.mp4
176,1,881,243,381,839,manwalk.mp4
177,1,888,255,383,835,manwalk.mp4
178,1,881,260,382,834,manwalk.mp4
179,1,861,261,381,832,manwalk.mp4
180,1,854,261,382,831,manwalk.mp4
181,1,833,265,382,829,manwalk.mp4
182,1,829,260,380,830,manwalk.mp4
183,1,818,256,379,828,manwalk.mp4
184,1,825,257,379,829,manwalk.mp4
185,1,832,251,376,827,manwalk.mp4
186,1,821,243,374,827,manwalk.mp4
187,1,830,242,373,832,manwalk.mp4
188,1,828,243,374,834,manwalk.mp4
189,1,832,237,374,833,manwalk.mp4
190,1,834,244,373,833,manwalk.mp4
191,1,840,254,370,832,manwalk.mp4
192,1,848,250,366,831,manwalk.mp4
193,1,847,252,361,826,manwalk.mp4
194,1,841,269,358,824,manwalk.mp4
195,1,841,275,357,814,manwalk.mp4
196,1,835,268,355,812,manwalk.mp4
197,1,838,264,352,817,manwalk.mp4
198,1,810,246,344,831,manwalk.mp4
199,1,817,249,342,834,manwalk.mp4
200,1,807,238,343,834,manwalk.mp4
201,1,765,226,353,831,manwalk.mp4
202,1,761,245,366,824,manwalk.mp4
203,1,769,247,369,829,manwalk.mp4
204,1,773,239,368,836,manwalk.mp4
205,1,783,228,368,843,manwalk.mp4
206,1,805,244,365,840,manwalk.mp4
207,1,818,257,359,841,manwalk.mp4
208,1,821,251,359,839,manwalk.mp4
209,1,829,253,361,834,manwalk.mp4
210,1,799,252,362,831,manwalk.mp4
211,1,823,260,369,823,manwalk.mp4
212,1,787,287,372,810,manwalk.mp4
213,1,806,280,371,811,manwalk.mp4
214,1,795,268,373,817,manwalk.mp4
215,1,796,262,373,826,manwalk.mp4
216,1,802,262,372,825,manwalk.mp4
217,1,809,254,374,829,manwalk.mp4
218,1,822,250,374,837,manwalk.mp4
219,1,831,247,376,840,manwalk.mp4
220,1,840,250,377,840,manwalk.mp4
221,1,846,249,380,844,manwalk.mp4
222,1,857,263,381,844,manwalk.mp4
223,1,866,265,380,842,manwalk.mp4
224,1,875,268,380,837,manwalk.mp4
225,1,877,272,381,828,manwalk.mp4
226,1,877,280,383,821,manwalk.mp4
227,1,875,281,383,817,manwalk.mp4
228,1,870,275,383,815,manwalk.mp4
229,1,865,271,382,812,manwalk.mp4
230,1,870,274,382,813,manwalk.mp4
231,1,879,273,381,815,manwalk.mp4
232,1,886,271,384,819,manwalk.mp4
233,1,898,259,386,824,manwalk.mp4
234,1,909,255,389,829,manwalk.mp4
235,1,924,255,389,831,manwalk.mp4
236,1,935,249,390,833,manwalk.mp4
237,1,941,253,394,831,manwalk.mp4
238,1,946,259,394,828,manwalk.mp4
